insert into TAB_RESIDENT values('20200501112101', '南郭强', '456120200501112101', '男', '汉族', '2020-05-01', '15342416549', '湖南省郴州市王仙岭', '湖南长沙', '本科', '网络工程师' ,'未婚' );
insert into TAB_RESIDENT values('20200501112102', '蒋彬', '456120200501112102', '女', '汉族', '2020-05-01', '15342416549', '湖南省郴州市王仙岭', '湖南长沙', '本科', '网络工程师' ,'未婚' );
insert into TAB_RESIDENT values('20200501112103', '郑兴', '456120200501112103', '女', '汉族', '2020-05-01', '15342416549', '湖南省郴州市王仙岭', '湖南长沙', '本科', '网络工程师' ,'未婚' );
insert into TAB_RESIDENT values('20200501112104', '赵兴', '456120200501112104', '女', '汉族', '2020-05-01', '15342416549', '湖南省郴州市王仙岭', '湖南长沙', '本科', '网络工程师' ,'未婚' );
insert into TAB_RESIDENT values('20200501112105', '吴栈', '456120200501112105', '女', '汉族', '2020-05-01', '15342416549', '湖南省郴州市王仙岭', '湖南长沙', '本科', '网络工程师' ,'未婚' );
insert into TAB_RESIDENT values('20200501112106', '钱强', '456120200501112106', '男', '汉族', '2020-05-01', '15342416549', '湖南省郴州市王仙岭', '湖南长沙', '本科', '网络工程师' ,'未婚' );
insert into TAB_RESIDENT values('20200501112107', '北宫彬', '456120200501112107', '男', '汉族', '2020-05-01', '15342416549', '湖南省郴州市王仙岭', '湖南长沙', '本科', '网络工程师' ,'未婚' );
insert into TAB_RESIDENT values('20200501112108', '蒋强', '456120200501112108', '女', '汉族', '2020-05-01', '15342416549', '湖南省郴州市王仙岭', '湖南长沙', '本科', '网络工程师' ,'未婚' );
insert into TAB_RESIDENT values('20200501112109', '郑彬', '456120200501112109', '女', '汉族', '2020-05-01', '15342416549', '湖南省郴州市王仙岭', '湖南长沙', '本科', '网络工程师' ,'未婚' );
insert into TAB_RESIDENT values('20200501112110', '南郭兴', '456120200501112110', '男', '汉族', '2020-05-01', '15342416549', '湖南省郴州市王仙岭', '湖南长沙', '本科', '网络工程师' ,'未婚' );
insert into TAB_RESIDENT values('20200501112111', '郑彬', '456120200501112111', '女', '汉族', '2020-05-01', '15342416549', '湖南省郴州市王仙岭', '湖南长沙', '本科', '网络工程师' ,'未婚' );
insert into TAB_RESIDENT values('20200501112112', '钱彬', '456120200501112112', '男', '汉族', '2020-05-01', '15342416549', '湖南省郴州市王仙岭', '湖南长沙', '本科', '网络工程师' ,'未婚' );
insert into TAB_RESIDENT values('20200501112113', '孙强', '456120200501112113', '男', '汉族', '2020-05-01', '15342416549', '湖南省郴州市王仙岭', '湖南长沙', '本科', '网络工程师' ,'未婚' );
insert into TAB_RESIDENT values('20200501112114', '周天佑', '456120200501112114', '男', '汉族', '2020-05-01', '15342416549', '湖南省郴州市王仙岭', '湖南长沙', '本科', '网络工程师' ,'未婚' );
insert into TAB_RESIDENT values('20200501112115', '王兴', '456120200501112115', '男', '汉族', '2020-05-01', '15342416549', '湖南省郴州市王仙岭', '湖南长沙', '本科', '网络工程师' ,'未婚' );
insert into TAB_RESIDENT values('20200501112116', '蒋伟', '456120200501112116', '女', '汉族', '2020-05-01', '15342416549', '湖南省郴州市王仙岭', '湖南长沙', '本科', '网络工程师' ,'未婚' );
insert into TAB_RESIDENT values('20200501112117', '南郭天佑', '456120200501112117', '女', '汉族', '2020-05-01', '15342416549', '湖南省郴州市王仙岭', '湖南长沙', '本科', '网络工程师' ,'未婚' );
insert into TAB_RESIDENT values('20200501112118', '北宫栈', '456120200501112118', '男', '汉族', '2020-05-01', '15342416549', '湖南省郴州市王仙岭', '湖南长沙', '本科', '网络工程师' ,'未婚' );
insert into TAB_RESIDENT values('20200501112119', '吴强', '456120200501112119', '女', '汉族', '2020-05-01', '15342416549', '湖南省郴州市王仙岭', '湖南长沙', '本科', '网络工程师' ,'未婚' );
insert into TAB_RESIDENT values('20200501112120', '钱兴', '456120200501112120', '男', '汉族', '2020-05-01', '15342416549', '湖南省郴州市王仙岭', '湖南长沙', '本科', '网络工程师' ,'未婚' );
insert into TAB_RESIDENT values('20200501112121', '王强', '456120200501112121', '男', '汉族', '2020-05-01', '15342416549', '湖南省郴州市王仙岭', '湖南长沙', '本科', '网络工程师' ,'未婚' );

insert into TAB_RESIDENTHEALTHY values('20200501112101', '南郭强', '456120200501112101', '男', '2020-05-01', '15342416549', '湖南省郴州市王仙岭', '86', '180', '46', '80' ,'健康' ,'张三' ,'否认药物、食物过敏史。' ,'支气管炎' ,'否认外伤、手术、输血史' ,'否认家族遗传病史。' ,'' );
insert into TAB_RESIDENTHEALTHY values('20200501112102', '蒋彬', '456120200501112102', '女', '2020-05-01', '15342416549', '湖南省郴州市王仙岭', '86', '180', '46', '80' ,'健康' ,'张三' ,'否认药物、食物过敏史。' ,'支气管炎' ,'否认外伤、手术、输血史' ,'否认家族遗传病史。' ,'' );
insert into TAB_RESIDENTHEALTHY values('20200501112103', '郑兴', '456120200501112103', '女', '2020-05-01', '15342416549', '湖南省郴州市王仙岭', '86', '180', '46', '80' ,'健康' ,'张三' ,'否认药物、食物过敏史。' ,'支气管炎' ,'否认外伤、手术、输血史' ,'否认家族遗传病史。' ,'' );
insert into TAB_RESIDENTHEALTHY values('20200501112104', '赵兴', '456120200501112104', '女', '2020-05-01', '15342416549', '湖南省郴州市王仙岭', '86', '180', '46', '80' ,'健康' ,'张三' ,'否认药物、食物过敏史。' ,'支气管炎' ,'否认外伤、手术、输血史' ,'否认家族遗传病史。' ,'' );
insert into TAB_RESIDENTHEALTHY values('20200501112105', '吴栈', '456120200501112105', '女', '2020-05-01', '15342416549', '湖南省郴州市王仙岭', '86', '180', '46', '80' ,'健康' ,'张三' ,'否认药物、食物过敏史。' ,'支气管炎' ,'否认外伤、手术、输血史' ,'否认家族遗传病史。' ,'' );
insert into TAB_RESIDENTHEALTHY values('20200501112106', '钱强', '456120200501112106', '男', '2020-05-01', '15342416549', '湖南省郴州市王仙岭', '86', '180', '46', '80' ,'健康' ,'张三' ,'否认药物、食物过敏史。' ,'支气管炎' ,'否认外伤、手术、输血史' ,'否认家族遗传病史。' ,'' );
insert into TAB_RESIDENTHEALTHY values('20200501112107', '北宫彬', '456120200501112107', '男', '2020-05-01', '15342416549', '湖南省郴州市王仙岭', '86', '180', '46', '80' ,'健康' ,'张三' ,'否认药物、食物过敏史。' ,'支气管炎' ,'否认外伤、手术、输血史' ,'否认家族遗传病史。' ,'' );
insert into TAB_RESIDENTHEALTHY values('20200501112108', '蒋强', '456120200501112108', '女', '2020-05-01', '15342416549', '湖南省郴州市王仙岭', '86', '180', '46', '80' ,'健康' ,'张三' ,'否认药物、食物过敏史。' ,'支气管炎' ,'否认外伤、手术、输血史' ,'否认家族遗传病史。' ,'' );
insert into TAB_RESIDENTHEALTHY values('20200501112109', '郑彬', '456120200501112109', '女', '2020-05-01', '15342416549', '湖南省郴州市王仙岭', '86', '180', '46', '80' ,'健康' ,'张三' ,'否认药物、食物过敏史。' ,'支气管炎' ,'否认外伤、手术、输血史' ,'否认家族遗传病史。' ,'' );
insert into TAB_RESIDENTHEALTHY values('20200501112110', '南郭兴', '456120200501112110', '男', '2020-05-01', '15342416549', '湖南省郴州市王仙岭', '86', '180', '46', '80' ,'健康' ,'张三' ,'否认药物、食物过敏史。' ,'支气管炎' ,'否认外伤、手术、输血史' ,'否认家族遗传病史。' ,'' );
insert into TAB_RESIDENTHEALTHY values('20200501112111', '郑彬', '456120200501112111', '女', '2020-05-01', '15342416549', '湖南省郴州市王仙岭', '86', '180', '46', '80' ,'健康' ,'张三' ,'否认药物、食物过敏史。' ,'支气管炎' ,'否认外伤、手术、输血史' ,'否认家族遗传病史。' ,'' );
insert into TAB_RESIDENTHEALTHY values('20200501112112', '钱彬', '456120200501112112', '男', '2020-05-01', '15342416549', '湖南省郴州市王仙岭', '86', '180', '46', '80' ,'健康' ,'张三' ,'否认药物、食物过敏史。' ,'支气管炎' ,'否认外伤、手术、输血史' ,'否认家族遗传病史。' ,'' );
insert into TAB_RESIDENTHEALTHY values('20200501112113', '孙强', '456120200501112113', '男', '2020-05-01', '15342416549', '湖南省郴州市王仙岭', '86', '180', '46', '80' ,'健康' ,'张三' ,'否认药物、食物过敏史。' ,'支气管炎' ,'否认外伤、手术、输血史' ,'否认家族遗传病史。' ,'' );
insert into TAB_RESIDENTHEALTHY values('20200501112114', '周天佑', '456120200501112114', '男', '2020-05-01', '15342416549', '湖南省郴州市王仙岭', '86', '180', '46', '80' ,'健康' ,'张三' ,'否认药物、食物过敏史。' ,'支气管炎' ,'否认外伤、手术、输血史' ,'否认家族遗传病史。' ,'' );
insert into TAB_RESIDENTHEALTHY values('20200501112115', '王兴', '456120200501112115', '男', '2020-05-01', '15342416549', '湖南省郴州市王仙岭', '86', '180', '46', '80' ,'健康' ,'张三' ,'否认药物、食物过敏史。' ,'支气管炎' ,'否认外伤、手术、输血史' ,'否认家族遗传病史。' ,'' );
insert into TAB_RESIDENTHEALTHY values('20200501112116', '蒋伟', '456120200501112116', '女', '2020-05-01', '15342416549', '湖南省郴州市王仙岭', '86', '180', '46', '80' ,'健康' ,'张三' ,'否认药物、食物过敏史。' ,'支气管炎' ,'否认外伤、手术、输血史' ,'否认家族遗传病史。' ,'' );
insert into TAB_RESIDENTHEALTHY values('20200501112117', '南郭天佑', '456120200501112117', '女', '2020-05-01', '15342416549', '湖南省郴州市王仙岭', '86', '180', '46', '80' ,'健康' ,'张三' ,'否认药物、食物过敏史。' ,'支气管炎' ,'否认外伤、手术、输血史' ,'否认家族遗传病史。' ,'' );
insert into TAB_RESIDENTHEALTHY values('20200501112118', '北宫栈', '456120200501112118', '男', '2020-05-01', '15342416549', '湖南省郴州市王仙岭', '86', '180', '46', '80' ,'健康' ,'张三' ,'否认药物、食物过敏史。' ,'支气管炎' ,'否认外伤、手术、输血史' ,'否认家族遗传病史。' ,'' );
insert into TAB_RESIDENTHEALTHY values('20200501112119', '吴强', '456120200501112119', '女', '2020-05-01', '15342416549', '湖南省郴州市王仙岭', '86', '180', '46', '80' ,'健康' ,'张三' ,'否认药物、食物过敏史。' ,'支气管炎' ,'否认外伤、手术、输血史' ,'否认家族遗传病史。' ,'' );
insert into TAB_RESIDENTHEALTHY values('20200501112120', '钱兴', '456120200501112120', '男', '2020-05-01', '15342416549', '湖南省郴州市王仙岭', '86', '180', '46', '80' ,'健康' ,'张三' ,'否认药物、食物过敏史。' ,'支气管炎' ,'否认外伤、手术、输血史' ,'否认家族遗传病史。' ,'' );
insert into TAB_RESIDENTHEALTHY values('20200501112121', '王强', '456120200501112121', '男', '2020-05-01', '15342416549', '湖南省郴州市王仙岭', '86', '180', '46', '80' ,'健康' ,'张三' ,'否认药物、食物过敏史。' ,'支气管炎' ,'否认外伤、手术、输血史' ,'否认家族遗传病史。' ,'' );


insert into TAB_HYPERTENSION values('20200501112101', '南郭强', '456120200501112101', '男', '2020-05-01', '15342416549', '湖南省郴州市王仙岭', '86', '1', '2020-05-01' );
insert into TAB_HYPERTENSION values('20200501112102', '蒋彬', '456120200501112102', '女', '2020-05-01', '15342416549', '湖南省郴州市王仙岭', '86', '1', '2020-05-01' );
insert into TAB_HYPERTENSION values('20200501112103', '郑兴', '456120200501112103', '女', '2020-05-01', '15342416549', '湖南省郴州市王仙岭', '86', '1', '2020-05-01' );
insert into TAB_HYPERTENSION values('20200501112104', '赵兴', '456120200501112104', '女', '2020-05-01', '15342416549', '湖南省郴州市王仙岭', '86', '1', '2020-05-01' );
insert into TAB_HYPERTENSION values('20200501112105', '吴栈', '456120200501112105', '女', '2020-05-01', '15342416549', '湖南省郴州市王仙岭', '86', '1', '2020-05-01' );
insert into TAB_HYPERTENSION values('20200501112106', '钱强', '456120200501112106', '男', '2020-05-01', '15342416549', '湖南省郴州市王仙岭', '86', '1', '2020-05-01' );
insert into TAB_HYPERTENSION values('20200501112107', '北宫彬', '456120200501112107', '男', '2020-05-01', '15342416549', '湖南省郴州市王仙岭', '86', '1', '2020-05-01' );
insert into TAB_HYPERTENSION values('20200501112108', '蒋强', '456120200501112108', '女', '2020-05-01', '15342416549', '湖南省郴州市王仙岭', '86', '1', '2020-05-01' );
insert into TAB_HYPERTENSION values('20200501112109', '郑彬', '456120200501112109', '女', '2020-05-01', '15342416549', '湖南省郴州市王仙岭', '86', '1', '2020-05-01' );
insert into TAB_HYPERTENSION values('20200501112110', '南郭兴', '456120200501112110', '男', '2020-05-01', '15342416549', '湖南省郴州市王仙岭', '86', '1', '2020-05-01' );
insert into TAB_HYPERTENSION values('20200501112111', '郑彬', '456120200501112111', '女', '2020-05-01', '15342416549', '湖南省郴州市王仙岭', '86', '1', '2020-05-01' );
insert into TAB_HYPERTENSION values('20200501112112', '钱彬', '456120200501112112', '男', '2020-05-01', '15342416549', '湖南省郴州市王仙岭', '86', '1', '2020-05-01' );
insert into TAB_HYPERTENSION values('20200501112113', '孙强', '456120200501112113', '男', '2020-05-01', '15342416549', '湖南省郴州市王仙岭', '86', '1', '2020-05-01' );
insert into TAB_HYPERTENSION values('20200501112114', '周天佑', '456120200501112114', '男', '2020-05-01', '15342416549', '湖南省郴州市王仙岭', '86', '1', '2020-05-01' );
insert into TAB_HYPERTENSION values('20200501112115', '王兴', '456120200501112115', '男', '2020-05-01', '15342416549', '湖南省郴州市王仙岭', '86', '1', '2020-05-01' );
insert into TAB_HYPERTENSION values('20200501112116', '蒋伟', '456120200501112116', '女', '2020-05-01', '15342416549', '湖南省郴州市王仙岭', '86', '1', '2020-05-01' );
insert into TAB_HYPERTENSION values('20200501112117', '南郭天佑', '456120200501112117', '女', '2020-05-01', '15342416549', '湖南省郴州市王仙岭', '86', '1', '2020-05-01' );
insert into TAB_HYPERTENSION values('20200501112118', '北宫栈', '456120200501112118', '男', '2020-05-01', '15342416549', '湖南省郴州市王仙岭', '86', '1', '2020-05-01' );
insert into TAB_HYPERTENSION values('20200501112119', '吴强', '456120200501112119', '女', '2020-05-01', '15342416549', '湖南省郴州市王仙岭', '86', '1', '2020-05-01' );
insert into TAB_HYPERTENSION values('20200501112120', '钱兴', '456120200501112120', '男', '2020-05-01', '15342416549', '湖南省郴州市王仙岭', '86', '1', '2020-05-01' );
insert into TAB_HYPERTENSION values('20200501112121', '王强', '456120200501112121', '男', '2020-05-01', '15342416549', '湖南省郴州市王仙岭', '86', '1', '2020-05-01' );


insert into TAB_DIABETES values('20200501112101', '南郭强', '456120200501112101', '男', '2020-05-01', '15342416549', '湖南省郴州市王仙岭', 'l型', '2020-05-01' );
insert into TAB_DIABETES values('20200501112102', '蒋彬', '456120200501112102', '女', '2020-05-01', '15342416549', '湖南省郴州市王仙岭', 'l型', '2020-05-01' );
insert into TAB_DIABETES values('20200501112103', '郑兴', '456120200501112103', '女', '2020-05-01', '15342416549', '湖南省郴州市王仙岭', 'l型', '2020-05-01' );
insert into TAB_DIABETES values('20200501112104', '赵兴', '456120200501112104', '女', '2020-05-01', '15342416549', '湖南省郴州市王仙岭', 'l型', '2020-05-01' );
insert into TAB_DIABETES values('20200501112105', '吴栈', '456120200501112105', '女', '2020-05-01', '15342416549', '湖南省郴州市王仙岭', 'l型', '2020-05-01' );
insert into TAB_DIABETES values('20200501112106', '钱强', '456120200501112106', '男', '2020-05-01', '15342416549', '湖南省郴州市王仙岭', 'l型', '2020-05-01' );
insert into TAB_DIABETES values('20200501112107', '北宫彬', '456120200501112107', '男', '2020-05-01', '15342416549', '湖南省郴州市王仙岭', 'l型', '2020-05-01' );
insert into TAB_DIABETES values('20200501112108', '蒋强', '456120200501112108', '女', '2020-05-01', '15342416549', '湖南省郴州市王仙岭', 'l型', '2020-05-01' );
insert into TAB_DIABETES values('20200501112109', '郑彬', '456120200501112109', '女', '2020-05-01', '15342416549', '湖南省郴州市王仙岭', 'l型', '2020-05-01' );
insert into TAB_DIABETES values('20200501112110', '南郭兴', '456120200501112110', '男', '2020-05-01', '15342416549', '湖南省郴州市王仙岭', 'l型', '2020-05-01' );
insert into TAB_DIABETES values('20200501112111', '郑彬', '456120200501112111', '女', '2020-05-01', '15342416549', '湖南省郴州市王仙岭', 'l型', '2020-05-01' );
insert into TAB_DIABETES values('20200501112112', '钱彬', '456120200501112112', '男', '2020-05-01', '15342416549', '湖南省郴州市王仙岭', 'l型', '2020-05-01' );
insert into TAB_DIABETES values('20200501112113', '孙强', '456120200501112113', '男', '2020-05-01', '15342416549', '湖南省郴州市王仙岭', 'l型', '2020-05-01' );
insert into TAB_DIABETES values('20200501112114', '周天佑', '456120200501112114', '男', '2020-05-01', '15342416549', '湖南省郴州市王仙岭', 'l型', '2020-05-01' );
insert into TAB_DIABETES values('20200501112115', '王兴', '456120200501112115', '男', '2020-05-01', '15342416549', '湖南省郴州市王仙岭', 'l型', '2020-05-01' );
insert into TAB_DIABETES values('20200501112116', '蒋伟', '456120200501112116', '女', '2020-05-01', '15342416549', '湖南省郴州市王仙岭', 'l型', '2020-05-01' );
insert into TAB_DIABETES values('20200501112117', '南郭天佑', '456120200501112117', '女', '2020-05-01', '15342416549', '湖南省郴州市王仙岭', 'l型', '2020-05-01' );
insert into TAB_DIABETES values('20200501112118', '北宫栈', '456120200501112118', '男', '2020-05-01', '15342416549', '湖南省郴州市王仙岭', 'l型', '2020-05-01' );
insert into TAB_DIABETES values('20200501112119', '吴强', '456120200501112119', '女', '2020-05-01', '15342416549', '湖南省郴州市王仙岭', 'l型', '2020-05-01' );
insert into TAB_DIABETES values('20200501112120', '钱兴', '456120200501112120', '男', '2020-05-01', '15342416549', '湖南省郴州市王仙岭', 'l型', '2020-05-01' );
insert into TAB_DIABETES values('20200501112121', '王强', '456120200501112121', '男', '2020-05-01', '15342416549', '湖南省郴州市王仙岭', 'l型', '2020-05-01' );


insert into TAB_CHILDRENHEALTHY values('20200501112101', '南郭强', '456120200501112101', '男', '2020-05-01', '15342416549', '湖南省郴州市王仙岭', '否', '', '5', '4', '3', '2', '南郭强', '南郭强' );
insert into TAB_CHILDRENHEALTHY values('20200501112102', '蒋彬', '456120200501112102', '女', '2020-05-01', '15342416549', '湖南省郴州市王仙岭', '否', '', '5', '4', '3', '2', '蒋彬', '蒋彬' );
insert into TAB_CHILDRENHEALTHY values('20200501112103', '郑兴', '456120200501112103', '女', '2020-05-01', '15342416549', '湖南省郴州市王仙岭', '否', '', '5', '4', '3', '2', '郑兴', '郑兴' );
insert into TAB_CHILDRENHEALTHY values('20200501112104', '赵兴', '456120200501112104', '女', '2020-05-01', '15342416549', '湖南省郴州市王仙岭', '否', '', '5', '4', '3', '2', '赵兴', '赵兴' );
insert into TAB_CHILDRENHEALTHY values('20200501112105', '吴栈', '456120200501112105', '女', '2020-05-01', '15342416549', '湖南省郴州市王仙岭', '否', '', '5', '4', '3', '2', '吴栈', '吴栈' );
insert into TAB_CHILDRENHEALTHY values('20200501112106', '钱强', '456120200501112106', '男', '2020-05-01', '15342416549', '湖南省郴州市王仙岭', '否', '', '5', '4', '3', '2', '钱强', '钱强' );
insert into TAB_CHILDRENHEALTHY values('20200501112107', '北宫彬', '456120200501112107', '男', '2020-05-01', '15342416549', '湖南省郴州市王仙岭', '否', '', '5', '4', '3', '2', '北宫彬', '北宫彬' );
insert into TAB_CHILDRENHEALTHY values('20200501112108', '蒋强', '456120200501112108', '女', '2020-05-01', '15342416549', '湖南省郴州市王仙岭', '否', '', '5', '4', '3', '2', '蒋强', '蒋强' );
insert into TAB_CHILDRENHEALTHY values('20200501112109', '郑彬', '456120200501112109', '女', '2020-05-01', '15342416549', '湖南省郴州市王仙岭', '否', '', '5', '4', '3', '2', '郑彬', '郑彬' );
insert into TAB_CHILDRENHEALTHY values('20200501112110', '南郭兴', '456120200501112110', '男', '2020-05-01', '15342416549', '湖南省郴州市王仙岭', '否', '', '5', '4', '3', '2', '南郭兴', '南郭兴' );
insert into TAB_CHILDRENHEALTHY values('20200501112111', '郑彬', '456120200501112111', '女', '2020-05-01', '15342416549', '湖南省郴州市王仙岭', '否', '', '5', '4', '3', '2', '郑彬', '郑彬' );
insert into TAB_CHILDRENHEALTHY values('20200501112112', '钱彬', '456120200501112112', '男', '2020-05-01', '15342416549', '湖南省郴州市王仙岭', '否', '', '5', '4', '3', '2', '钱彬', '钱彬' );
insert into TAB_CHILDRENHEALTHY values('20200501112113', '孙强', '456120200501112113', '男', '2020-05-01', '15342416549', '湖南省郴州市王仙岭', '否', '', '5', '4', '3', '2', '孙强', '孙强' );
insert into TAB_CHILDRENHEALTHY values('20200501112114', '周天佑', '456120200501112114', '男', '2020-05-01', '15342416549', '湖南省郴州市王仙岭', '否', '', '5', '4', '3', '2', '周天佑', '周天佑 ' );
insert into TAB_CHILDRENHEALTHY values('20200501112115', '王兴', '456120200501112115', '男', '2020-05-01', '15342416549', '湖南省郴州市王仙岭', '否', '', '5', '4', '3', '2', '王兴', '王兴' );
insert into TAB_CHILDRENHEALTHY values('20200501112116', '蒋伟', '456120200501112116', '女', '2020-05-01', '15342416549', '湖南省郴州市王仙岭', '否', '', '5', '4', '3', '2', '蒋伟', '蒋伟' );
insert into TAB_CHILDRENHEALTHY values('20200501112117', '南郭天佑', '456120200501112117', '女', '2020-05-01', '15342416549', '湖南省郴州市王仙岭', '否', '', '5', '4', '3', '2', '南郭天佑', '南郭天佑 ' );
insert into TAB_CHILDRENHEALTHY values('20200501112118', '北宫栈', '456120200501112118', '男', '2020-05-01', '15342416549', '湖南省郴州市王仙岭', '否', '', '5', '4', '3', '2', '北宫栈', '北宫栈' );
insert into TAB_CHILDRENHEALTHY values('20200501112119', '吴强', '456120200501112119', '女', '2020-05-01', '15342416549', '湖南省郴州市王仙岭', '否', '', '5', '4', '3', '2', '吴强', '吴强' );
insert into TAB_CHILDRENHEALTHY values('20200501112120', '钱兴', '456120200501112120', '男', '2020-05-01', '15342416549', '湖南省郴州市王仙岭', '否', '', '5', '4', '3', '2', '钱兴', '钱兴' );
insert into TAB_CHILDRENHEALTHY values('20200501112121', '王强', '456120200501112121', '男', '2020-05-01', '15342416549', '湖南省郴州市王仙岭', '否', '', '5', '4', '3', '2', '王强', '王强' );


insert into TAB_CHILDRENVACCINE values('20200501112101', '南郭强', '456120200501112101', '男', '2020-05-01', '南郭强', '15342416549', '湖南省郴州市王仙岭', '2020-05-01', '麻疹疫苗―第一针' );
insert into TAB_CHILDRENVACCINE values('20200501112102', '蒋彬', '456120200501112102', '女', '2020-05-01', '蒋彬', '15342416549', '湖南省郴州市王仙岭', '2020-05-01', '麻疹疫苗―第一针' );
insert into TAB_CHILDRENVACCINE values('20200501112103', '郑兴', '456120200501112103', '女', '2020-05-01', '郑兴', '15342416549', '湖南省郴州市王仙岭', '2020-05-01', '麻疹疫苗―第一针' );
insert into TAB_CHILDRENVACCINE values('20200501112104', '赵兴', '456120200501112104', '女', '2020-05-01', '赵兴', '15342416549', '湖南省郴州市王仙岭', '2020-05-01', '麻疹疫苗―第一针' );
insert into TAB_CHILDRENVACCINE values('20200501112105', '吴栈', '456120200501112105', '女', '2020-05-01', '吴栈', '15342416549', '湖南省郴州市王仙岭', '2020-05-01', '麻疹疫苗―第一针' );
insert into TAB_CHILDRENVACCINE values('20200501112106', '钱强', '456120200501112106', '男', '2020-05-01', '钱强', '15342416549', '湖南省郴州市王仙岭', '2020-05-01', '麻疹疫苗―第一针' );
insert into TAB_CHILDRENVACCINE values('20200501112107', '北宫彬', '456120200501112107', '男', '2020-05-01', '北宫彬', '15342416549', '湖南省郴州市王仙岭', '2020-05-01', '麻疹疫苗―第一针' );
insert into TAB_CHILDRENVACCINE values('20200501112108', '蒋强', '456120200501112108', '女', '2020-05-01', '蒋强', '15342416549', '湖南省郴州市王仙岭', '2020-05-01', '麻疹疫苗―第一针' );
insert into TAB_CHILDRENVACCINE values('20200501112109', '郑彬', '456120200501112109', '女', '2020-05-01', '郑彬', '15342416549', '湖南省郴州市王仙岭', '2020-05-01', '麻疹疫苗―第一针' );
insert into TAB_CHILDRENVACCINE values('20200501112110', '南郭兴', '456120200501112110', '男', '2020-05-01', '南郭兴', '15342416549', '湖南省郴州市王仙岭', '2020-05-01', '麻疹疫苗―第一针' );
insert into TAB_CHILDRENVACCINE values('20200501112111', '郑彬', '456120200501112111', '女', '2020-05-01', '郑彬', '15342416549', '湖南省郴州市王仙岭', '2020-05-01', '麻疹疫苗―第一针' );
insert into TAB_CHILDRENVACCINE values('20200501112112', '钱彬', '456120200501112112', '男', '2020-05-01', '钱彬', '15342416549', '湖南省郴州市王仙岭', '2020-05-01', '麻疹疫苗―第一针' );
insert into TAB_CHILDRENVACCINE values('20200501112113', '孙强', '456120200501112113', '男', '2020-05-01', '孙强', '15342416549', '湖南省郴州市王仙岭', '2020-05-01', '麻疹疫苗―第一针' );
insert into TAB_CHILDRENVACCINE values('20200501112114', '周天佑', '456120200501112114', '男', '2020-05-01', '周天佑', '15342416549', '湖南省郴州市王仙岭', '2020-05-01', '麻疹疫苗―第一针' );
insert into TAB_CHILDRENVACCINE values('20200501112115', '王兴', '456120200501112115', '男', '2020-05-01', '王兴', '15342416549', '湖南省郴州市王仙岭', '2020-05-01', '麻疹疫苗―第一针' );
insert into TAB_CHILDRENVACCINE values('20200501112116', '蒋伟', '456120200501112116', '女', '2020-05-01', '蒋伟', '15342416549', '湖南省郴州市王仙岭', '2020-05-01', '麻疹疫苗―第一针' );
insert into TAB_CHILDRENVACCINE values('20200501112117', '南郭天佑', '456120200501112117', '女', '2020-05-01', '南郭天佑', '15342416549', '湖南省郴州市王仙岭', '2020-05-01', '麻疹疫苗―第一针' );
insert into TAB_CHILDRENVACCINE values('20200501112118', '北宫栈', '456120200501112118', '男', '2020-05-01', '北宫栈', '15342416549', '湖南省郴州市王仙岭', '2020-05-01', '麻疹疫苗―第一针' );
insert into TAB_CHILDRENVACCINE values('20200501112119', '吴强', '456120200501112119', '女', '2020-05-01', '吴强', '15342416549', '湖南省郴州市王仙岭', '2020-05-01', '麻疹疫苗―第一针' );
insert into TAB_CHILDRENVACCINE values('20200501112120', '钱兴', '456120200501112120', '男', '2020-05-01', '钱兴', '15342416549', '湖南省郴州市王仙岭', '2020-05-01', '麻疹疫苗―第一针' );
insert into TAB_CHILDRENVACCINE values('20200501112121', '王强', '456120200501112121', '男', '2020-05-01', '王强', '15342416549', '湖南省郴州市王仙岭', '2020-05-01', '麻疹疫苗―第一针' );


insert into TAB_MATERNAL values('20200501112101', '南郭强', '456120200501112101', '2020-05-01', '15342416549', '湖南省郴州市王仙岭', '2020-05-01', '', '', '', '', '', '', '自然分娩', '2020-05-01', '', '', '南郭强', '20200501065010', '2020-05-01' );
insert into TAB_MATERNAL values('20200501112102', '蒋彬', '456120200501112102', '2020-05-01', '15342416549', '湖南省郴州市王仙岭', '2020-05-01', '', '', '', '', '', '', '自然分娩', '2020-05-01', '', '', '蒋彬', '20200501065010', '2020-05-01' );
insert into TAB_MATERNAL values('20200501112103', '郑兴', '456120200501112103', '2020-05-01', '15342416549', '湖南省郴州市王仙岭', '2020-05-01', '', '', '', '', '', '', '自然分娩', '2020-05-01', '', '', '郑兴', '20200501065010', '2020-05-01' );
insert into TAB_MATERNAL values('20200501112104', '赵兴', '456120200501112104', '2020-05-01', '15342416549', '湖南省郴州市王仙岭', '2020-05-01', '', '', '', '', '', '', '自然分娩', '2020-05-01', '', '', '赵兴', '20200501065010', '2020-05-01' );
insert into TAB_MATERNAL values('20200501112105', '吴栈', '456120200501112105', '2020-05-01', '15342416549', '湖南省郴州市王仙岭', '2020-05-01', '', '', '', '', '', '', '自然分娩', '2020-05-01', '', '', '吴栈', '20200501065010', '2020-05-01' );
insert into TAB_MATERNAL values('20200501112106', '钱强', '456120200501112106', '2020-05-01', '15342416549', '湖南省郴州市王仙岭', '2020-05-01', '', '', '', '', '', '', '自然分娩', '2020-05-01', '', '', '钱强', '20200501065010', '2020-05-01' );
insert into TAB_MATERNAL values('20200501112107', '北宫彬', '456120200501112107', '2020-05-01', '15342416549', '湖南省郴州市王仙岭', '2020-05-01', '', '', '', '', '', '', '自然分娩', '2020-05-01', '', '', '北宫彬', '20200501065010', '2020-05-01' );
insert into TAB_MATERNAL values('20200501112108', '蒋强', '456120200501112108', '2020-05-01', '15342416549', '湖南省郴州市王仙岭', '2020-05-01', '', '', '', '', '', '', '自然分娩', '2020-05-01', '', '', '蒋强', '20200501065010', '2020-05-01' );
insert into TAB_MATERNAL values('20200501112109', '郑彬', '456120200501112109', '2020-05-01', '15342416549', '湖南省郴州市王仙岭', '2020-05-01', '', '', '', '', '', '', '自然分娩', '2020-05-01', '', '', '郑彬', '20200501065010', '2020-05-01' );
insert into TAB_MATERNAL values('20200501112110', '南郭兴', '456120200501112110', '2020-05-01', '15342416549', '湖南省郴州市王仙岭', '2020-05-01', '', '', '', '', '', '', '自然分娩', '2020-05-01', '', '', '南郭兴', '20200501065010', '2020-05-01' );
insert into TAB_MATERNAL values('20200501112111', '郑彬', '456120200501112111', '2020-05-01', '15342416549', '湖南省郴州市王仙岭', '2020-05-01', '', '', '', '', '', '', '自然分娩', '2020-05-01', '', '', '郑彬', '20200501065010', '2020-05-01' );
insert into TAB_MATERNAL values('20200501112112', '钱彬', '456120200501112112', '2020-05-01', '15342416549', '湖南省郴州市王仙岭', '2020-05-01', '', '', '', '', '', '', '自然分娩', '2020-05-01', '', '', '钱彬', '20200501065010', '2020-05-01' );
insert into TAB_MATERNAL values('20200501112113', '孙强', '456120200501112113', '2020-05-01', '15342416549', '湖南省郴州市王仙岭', '2020-05-01', '', '', '', '', '', '', '自然分娩', '2020-05-01', '', '', '孙强', '20200501065010', '2020-05-01' );
insert into TAB_MATERNAL values('20200501112114', '周天佑', '456120200501112114', '2020-05-01', '15342416549', '湖南省郴州市王仙岭', '2020-05-01', '', '', '', '', '', '', '自然分娩', '2020-05-01', '', '', '周天佑', '20200501065010', '2020-05-01' );
insert into TAB_MATERNAL values('20200501112115', '王兴', '456120200501112115', '2020-05-01', '15342416549', '湖南省郴州市王仙岭', '2020-05-01', '', '', '', '', '', '', '自然分娩', '2020-05-01', '', '', '王兴', '20200501065010', '2020-05-01' );
insert into TAB_MATERNAL values('20200501112116', '蒋伟', '456120200501112116', '2020-05-01', '15342416549', '湖南省郴州市王仙岭', '2020-05-01', '', '', '', '', '', '', '自然分娩', '2020-05-01', '', '', '蒋伟', '20200501065010', '2020-05-01' );
insert into TAB_MATERNAL values('20200501112117', '南郭天佑', '456120200501112117', '2020-05-01', '15342416549', '湖南省郴州市王仙岭', '2020-05-01', '', '', '', '', '', '', '自然分娩', '2020-05-01', '', '', '南郭天佑', '20200501065010', '2020-05-01' );
insert into TAB_MATERNAL values('20200501112118', '北宫栈', '456120200501112118', '2020-05-01', '15342416549', '湖南省郴州市王仙岭', '2020-05-01', '', '', '', '', '', '', '自然分娩', '2020-05-01', '', '', '北宫栈', '20200501065010', '2020-05-01' );
insert into TAB_MATERNAL values('20200501112119', '吴强', '456120200501112119', '2020-05-01', '15342416549', '湖南省郴州市王仙岭', '2020-05-01', '', '', '', '', '', '', '自然分娩', '2020-05-01', '', '', '吴强', '20200501065010', '2020-05-01' );
insert into TAB_MATERNAL values('20200501112120', '钱兴', '456120200501112120', '2020-05-01', '15342416549', '湖南省郴州市王仙岭', '2020-05-01', '', '', '', '', '', '', '自然分娩', '2020-05-01', '', '', '钱兴', '20200501065010', '2020-05-01' );
insert into TAB_MATERNAL values('20200501112121', '王强', '456120200501112121', '2020-05-01', '15342416549', '湖南省郴州市王仙岭', '2020-05-01', '', '', '', '', '', '', '自然分娩', '2020-05-01', '', '', '王强', '20200501065010', '2020-05-01' );


insert into TAB_ELDERLY values('20200501112101', '南郭强', '456120200501112101', '男', '2020-05-01', '15342416549', '湖南省郴州市王仙岭', '2020-05-01', '可自理', '健康', '1级高血压', '无' );
insert into TAB_ELDERLY values('20200501112102', '蒋彬', '456120200501112102', '女', '2020-05-01', '15342416549', '湖南省郴州市王仙岭', '2020-05-01', '可自理', '健康', '1级高血压', '无' );
insert into TAB_ELDERLY values('20200501112103', '郑兴', '456120200501112103', '女', '2020-05-01', '15342416549', '湖南省郴州市王仙岭', '2020-05-01', '可自理', '健康', '1级高血压', '无' );
insert into TAB_ELDERLY values('20200501112104', '赵兴', '456120200501112104', '女', '2020-05-01', '15342416549', '湖南省郴州市王仙岭', '2020-05-01', '可自理', '健康', '1级高血压', '无' );
insert into TAB_ELDERLY values('20200501112105', '吴栈', '456120200501112105', '女', '2020-05-01', '15342416549', '湖南省郴州市王仙岭', '2020-05-01', '可自理', '健康', '1级高血压', '无' );
insert into TAB_ELDERLY values('20200501112106', '钱强', '456120200501112106', '男', '2020-05-01', '15342416549', '湖南省郴州市王仙岭', '2020-05-01', '可自理', '健康', '1级高血压', '无' );
insert into TAB_ELDERLY values('20200501112107', '北宫彬', '456120200501112107', '男', '2020-05-01', '15342416549', '湖南省郴州市王仙岭', '2020-05-01', '可自理', '健康', '1级高血压', '无' );
insert into TAB_ELDERLY values('20200501112108', '蒋强', '456120200501112108', '女', '2020-05-01', '15342416549', '湖南省郴州市王仙岭', '2020-05-01', '可自理', '健康', '1级高血压', '无' );
insert into TAB_ELDERLY values('20200501112109', '郑彬', '456120200501112109', '女', '2020-05-01', '15342416549', '湖南省郴州市王仙岭', '2020-05-01', '可自理', '健康', '1级高血压', '无' );
insert into TAB_ELDERLY values('20200501112110', '南郭兴', '456120200501112110', '男', '2020-05-01', '15342416549', '湖南省郴州市王仙岭', '2020-05-01', '可自理', '健康', '1级高血压', '无' );
insert into TAB_ELDERLY values('20200501112111', '郑彬', '456120200501112111', '女', '2020-05-01', '15342416549', '湖南省郴州市王仙岭', '2020-05-01', '可自理', '健康', '1级高血压', '无' );
insert into TAB_ELDERLY values('20200501112112', '钱彬', '456120200501112112', '男', '2020-05-01', '15342416549', '湖南省郴州市王仙岭', '2020-05-01', '可自理', '健康', '1级高血压', '无' );
insert into TAB_ELDERLY values('20200501112113', '孙强', '456120200501112113', '男', '2020-05-01', '15342416549', '湖南省郴州市王仙岭', '2020-05-01', '可自理', '健康', '1级高血压', '无' );
insert into TAB_ELDERLY values('20200501112114', '周天佑', '456120200501112114', '男', '2020-05-01', '15342416549', '湖南省郴州市王仙岭', '2020-05-01', '可自理', '健康', '1级高血压', '无' );
insert into TAB_ELDERLY values('20200501112115', '王兴', '456120200501112115', '男', '2020-05-01', '15342416549', '湖南省郴州市王仙岭', '2020-05-01', '可自理', '健康', '1级高血压', '无' );
insert into TAB_ELDERLY values('20200501112116', '蒋伟', '456120200501112116', '女', '2020-05-01', '15342416549', '湖南省郴州市王仙岭', '2020-05-01', '可自理', '健康', '1级高血压', '无' );
insert into TAB_ELDERLY values('20200501112117', '南郭天佑', '456120200501112117', '女', '2020-05-01', '15342416549', '湖南省郴州市王仙岭', '2020-05-01', '可自理', '健康', '1级高血压', '无' );
insert into TAB_ELDERLY values('20200501112118', '北宫栈', '456120200501112118', '男', '2020-05-01', '15342416549', '湖南省郴州市王仙岭', '2020-05-01', '可自理', '健康', '1级高血压', '无' );
insert into TAB_ELDERLY values('20200501112119', '吴强', '456120200501112119', '女', '2020-05-01', '15342416549', '湖南省郴州市王仙岭', '2020-05-01', '可自理', '健康', '1级高血压', '无' );
insert into TAB_ELDERLY values('20200501112120', '钱兴', '456120200501112120', '男', '2020-05-01', '15342416549', '湖南省郴州市王仙岭', '2020-05-01', '可自理', '健康', '1级高血压', '无' );
insert into TAB_ELDERLY values('20200501112121', '王强', '456120200501112121', '男', '2020-05-01', '15342416549', '湖南省郴州市王仙岭', '2020-05-01', '可自理', '健康', '1级高血压', '无' );


insert into TAB_PERSONAL values('20200501112101', '南郭强', '456120200501112101', '2020-05-01', '15342416549', '南郭强', '2020-05-01', '入户访谈', '食品安全', '如何避免幼儿饮食中的化学物质污染' );
insert into TAB_PERSONAL values('20200501112102', '蒋彬', '456120200501112102', '2020-05-01', '15342416549', '蒋彬', '2020-05-01', '入户访谈', '食品安全', '如何避免幼儿饮食中的化学物质污染' );
insert into TAB_PERSONAL values('20200501112103', '郑兴', '456120200501112103', '2020-05-01', '15342416549', '郑兴', '2020-05-01', '入户访谈', '食品安全', '如何避免幼儿饮食中的化学物质污染' );
insert into TAB_PERSONAL values('20200501112104', '赵兴', '456120200501112104', '2020-05-01', '15342416549', '赵兴', '2020-05-01', '入户访谈', '食品安全', '如何避免幼儿饮食中的化学物质污染' );
insert into TAB_PERSONAL values('20200501112105', '吴栈', '456120200501112105', '2020-05-01', '15342416549', '吴栈', '2020-05-01', '入户访谈', '食品安全', '如何避免幼儿饮食中的化学物质污染' );
insert into TAB_PERSONAL values('20200501112106', '钱强', '456120200501112106', '2020-05-01', '15342416549', '钱强', '2020-05-01', '入户访谈', '食品安全', '如何避免幼儿饮食中的化学物质污染' );
insert into TAB_PERSONAL values('20200501112107', '北宫彬', '456120200501112107', '2020-05-01', '15342416549', '北宫彬', '2020-05-01', '入户访谈', '食品安全', '如何避免幼儿饮食中的化学物质污染' );
insert into TAB_PERSONAL values('20200501112108', '蒋强', '456120200501112108', '2020-05-01', '15342416549', '蒋强', '2020-05-01', '入户访谈', '食品安全', '如何避免幼儿饮食中的化学物质污染' );
insert into TAB_PERSONAL values('20200501112109', '郑彬', '456120200501112109', '2020-05-01', '15342416549', '郑彬', '2020-05-01', '入户访谈', '食品安全', '如何避免幼儿饮食中的化学物质污染' );
insert into TAB_PERSONAL values('20200501112110', '南郭兴', '456120200501112110', '2020-05-01', '15342416549', '南郭兴', '2020-05-01', '入户访谈', '食品安全', '如何避免幼儿饮食中的化学物质污染' );
insert into TAB_PERSONAL values('20200501112111', '郑彬', '456120200501112111', '2020-05-01', '15342416549', '郑彬', '2020-05-01', '入户访谈', '食品安全', '如何避免幼儿饮食中的化学物质污染' );
insert into TAB_PERSONAL values('20200501112112', '钱彬', '456120200501112112', '2020-05-01', '15342416549', '钱彬', '2020-05-01', '入户访谈', '食品安全', '如何避免幼儿饮食中的化学物质污染' );
insert into TAB_PERSONAL values('20200501112113', '孙强', '456120200501112113', '2020-05-01', '15342416549', '孙强', '2020-05-01', '入户访谈', '食品安全', '如何避免幼儿饮食中的化学物质污染' );
insert into TAB_PERSONAL values('20200501112114', '周天佑', '456120200501112114', '2020-05-01', '15342416549', '周天佑', '2020-05-01', '入户访谈', '食品安全', '如何避免幼儿饮食中的化学物质污染' );
insert into TAB_PERSONAL values('20200501112115', '王兴', '456120200501112115', '2020-05-01', '15342416549', '王兴', '2020-05-01', '入户访谈', '食品安全', '如何避免幼儿饮食中的化学物质污染' );
insert into TAB_PERSONAL values('20200501112116', '蒋伟', '456120200501112116', '2020-05-01', '15342416549', '蒋伟', '2020-05-01', '入户访谈', '食品安全', '如何避免幼儿饮食中的化学物质污染' );
insert into TAB_PERSONAL values('20200501112117', '南郭天佑', '456120200501112117', '2020-05-01', '15342416549', '南郭天佑', '2020-05-01', '入户访谈', '食品安全', '如何避免幼儿饮食中的化学物质污染' );
insert into TAB_PERSONAL values('20200501112118', '北宫栈', '456120200501112118', '2020-05-01', '15342416549', '北宫栈', '2020-05-01', '入户访谈', '食品安全', '如何避免幼儿饮食中的化学物质污染' );
insert into TAB_PERSONAL values('20200501112119', '吴强', '456120200501112119', '2020-05-01', '15342416549', '吴强', '2020-05-01', '入户访谈', '食品安全', '如何避免幼儿饮食中的化学物质污染' );
insert into TAB_PERSONAL values('20200501112120', '钱兴', '456120200501112120', '2020-05-01', '15342416549', '钱兴', '2020-05-01', '入户访谈', '食品安全', '如何避免幼儿饮食中的化学物质污染' );
insert into TAB_PERSONAL values('20200501112121', '王强', '456120200501112121', '2020-05-01', '15342416549', '王强', '2020-05-01', '入户访谈', '食品安全', '如何避免幼儿饮食中的化学物质污染' );


insert into TAB_GROUP values('20200501112101', '2020-05-01', '如何有效预防新型冠状病毒', '网上公开讲课', 'bilibili', '学生', '521', '1.避免接触野生动物（包括食用野味）、禽鸟及其粪便  2. 保持良好的个人卫生  3.保持良好的环境卫生' );
insert into TAB_GROUP values('20200501112102', '2020-05-01', '如何有效预防新型冠状病毒', '网上公开讲课', 'bilibili', '学生', '521', '1.避免接触野生动物（包括食用野味）、禽鸟及其粪便  2. 保持良好的个人卫生  3.保持良好的环境卫生' );
insert into TAB_GROUP values('20200501112103', '2020-05-01', '如何有效预防新型冠状病毒', '网上公开讲课', 'bilibili', '学生', '521', '1.避免接触野生动物（包括食用野味）、禽鸟及其粪便  2. 保持良好的个人卫生  3.保持良好的环境卫生' );
insert into TAB_GROUP values('20200501112104', '2020-05-01', '如何有效预防新型冠状病毒', '网上公开讲课', 'bilibili', '学生', '521', '1.避免接触野生动物（包括食用野味）、禽鸟及其粪便  2. 保持良好的个人卫生  3.保持良好的环境卫生' );
insert into TAB_GROUP values('20200501112105', '2020-05-01', '如何有效预防新型冠状病毒', '网上公开讲课', 'bilibili', '学生', '521', '1.避免接触野生动物（包括食用野味）、禽鸟及其粪便  2. 保持良好的个人卫生  3.保持良好的环境卫生' );
insert into TAB_GROUP values('20200501112106', '2020-05-01', '如何有效预防新型冠状病毒', '网上公开讲课', 'bilibili', '学生', '521', '1.避免接触野生动物（包括食用野味）、禽鸟及其粪便  2. 保持良好的个人卫生  3.保持良好的环境卫生' );
insert into TAB_GROUP values('20200501112107', '2020-05-01', '如何有效预防新型冠状病毒', '网上公开讲课', 'bilibili', '学生', '521', '1.避免接触野生动物（包括食用野味）、禽鸟及其粪便  2. 保持良好的个人卫生  3.保持良好的环境卫生' );
insert into TAB_GROUP values('20200501112108', '2020-05-01', '如何有效预防新型冠状病毒', '网上公开讲课', 'bilibili', '学生', '521', '1.避免接触野生动物（包括食用野味）、禽鸟及其粪便  2. 保持良好的个人卫生  3.保持良好的环境卫生' );
insert into TAB_GROUP values('20200501112109', '2020-05-01', '如何有效预防新型冠状病毒', '网上公开讲课', 'bilibili', '学生', '521', '1.避免接触野生动物（包括食用野味）、禽鸟及其粪便  2. 保持良好的个人卫生  3.保持良好的环境卫生' );
insert into TAB_GROUP values('20200501112110', '2020-05-01', '如何有效预防新型冠状病毒', '网上公开讲课', 'bilibili', '学生', '521', '1.避免接触野生动物（包括食用野味）、禽鸟及其粪便  2. 保持良好的个人卫生  3.保持良好的环境卫生' );
insert into TAB_GROUP values('20200501112111', '2020-05-01', '如何有效预防新型冠状病毒', '网上公开讲课', 'bilibili', '学生', '521', '1.避免接触野生动物（包括食用野味）、禽鸟及其粪便  2. 保持良好的个人卫生  3.保持良好的环境卫生' );
insert into TAB_GROUP values('20200501112112', '2020-05-01', '如何有效预防新型冠状病毒', '网上公开讲课', 'bilibili', '学生', '521', '1.避免接触野生动物（包括食用野味）、禽鸟及其粪便  2. 保持良好的个人卫生  3.保持良好的环境卫生' );
insert into TAB_GROUP values('20200501112113', '2020-05-01', '如何有效预防新型冠状病毒', '网上公开讲课', 'bilibili', '学生', '521', '1.避免接触野生动物（包括食用野味）、禽鸟及其粪便  2. 保持良好的个人卫生  3.保持良好的环境卫生' );
insert into TAB_GROUP values('20200501112114', '2020-05-01', '如何有效预防新型冠状病毒', '网上公开讲课', 'bilibili', '学生', '521', '1.避免接触野生动物（包括食用野味）、禽鸟及其粪便  2. 保持良好的个人卫生  3.保持良好的环境卫生' );
insert into TAB_GROUP values('20200501112115', '2020-05-01', '如何有效预防新型冠状病毒', '网上公开讲课', 'bilibili', '学生', '521', '1.避免接触野生动物（包括食用野味）、禽鸟及其粪便  2. 保持良好的个人卫生  3.保持良好的环境卫生' );
insert into TAB_GROUP values('20200501112116', '2020-05-01', '如何有效预防新型冠状病毒', '网上公开讲课', 'bilibili', '学生', '521', '1.避免接触野生动物（包括食用野味）、禽鸟及其粪便  2. 保持良好的个人卫生  3.保持良好的环境卫生' );
insert into TAB_GROUP values('20200501112117', '2020-05-01', '如何有效预防新型冠状病毒', '网上公开讲课', 'bilibili', '学生', '521', '1.避免接触野生动物（包括食用野味）、禽鸟及其粪便  2. 保持良好的个人卫生  3.保持良好的环境卫生' );
insert into TAB_GROUP values('20200501112118', '2020-05-01', '如何有效预防新型冠状病毒', '网上公开讲课', 'bilibili', '学生', '521', '1.避免接触野生动物（包括食用野味）、禽鸟及其粪便  2. 保持良好的个人卫生  3.保持良好的环境卫生' );
insert into TAB_GROUP values('20200501112119', '2020-05-01', '如何有效预防新型冠状病毒', '网上公开讲课', 'bilibili', '学生', '521', '1.避免接触野生动物（包括食用野味）、禽鸟及其粪便  2. 保持良好的个人卫生  3.保持良好的环境卫生' );
insert into TAB_GROUP values('20200501112120', '2020-05-01', '如何有效预防新型冠状病毒', '网上公开讲课', 'bilibili', '学生', '521', '1.避免接触野生动物（包括食用野味）、禽鸟及其粪便  2. 保持良好的个人卫生  3.保持良好的环境卫生' );
insert into TAB_GROUP values('20200501112121', '2020-05-01', '如何有效预防新型冠状病毒', '网上公开讲课', 'bilibili', '学生', '521', '1.避免接触野生动物（包括食用野味）、禽鸟及其粪便  2. 保持良好的个人卫生  3.保持良好的环境卫生' );


insert into TAB_INFECTIOUS values('20200501112101', '南郭强', '456120200501112101', '2020-05-01', '15342416549', '湖南省郴州市王仙岭', '2020-05-01', '2020-05-08', '初次报告', '丙类', '黑热病', '建筑工人', '南郭强', '2020-05-01' );
insert into TAB_INFECTIOUS values('20200501112102', '蒋彬', '456120200501112102', '2020-05-01', '15342416549', '湖南省郴州市王仙岭', '2020-05-01', '2020-05-08', '初次报告', '丙类', '黑热病', '建筑工人', '蒋彬', '2020-05-01' );
insert into TAB_INFECTIOUS values('20200501112103', '郑兴', '456120200501112103', '2020-05-01', '15342416549', '湖南省郴州市王仙岭', '2020-05-01', '2020-05-08', '初次报告', '丙类', '黑热病', '建筑工人', '郑兴', '2020-05-01' );
insert into TAB_INFECTIOUS values('20200501112104', '赵兴', '456120200501112104', '2020-05-01', '15342416549', '湖南省郴州市王仙岭', '2020-05-01', '2020-05-08', '初次报告', '丙类', '黑热病', '建筑工人', '赵兴', '2020-05-01' );
insert into TAB_INFECTIOUS values('20200501112105', '吴栈', '456120200501112105', '2020-05-01', '15342416549', '湖南省郴州市王仙岭', '2020-05-01', '2020-05-08', '初次报告', '丙类', '黑热病', '建筑工人', '吴栈', '2020-05-01' );
insert into TAB_INFECTIOUS values('20200501112106', '钱强', '456120200501112106', '2020-05-01', '15342416549', '湖南省郴州市王仙岭', '2020-05-01', '2020-05-08', '初次报告', '丙类', '黑热病', '建筑工人', '钱强', '2020-05-01' );
insert into TAB_INFECTIOUS values('20200501112107', '北宫彬', '456120200501112107', '2020-05-01', '15342416549', '湖南省郴州市王仙岭', '2020-05-01', '2020-05-08', '初次报告', '丙类', '黑热病', '建筑工人', '北宫彬', '2020-05-01' );
insert into TAB_INFECTIOUS values('20200501112108', '蒋强', '456120200501112108', '2020-05-01', '15342416549', '湖南省郴州市王仙岭', '2020-05-01', '2020-05-08', '初次报告', '丙类', '黑热病', '建筑工人', '蒋强', '2020-05-01' );
insert into TAB_INFECTIOUS values('20200501112109', '郑彬', '456120200501112109', '2020-05-01', '15342416549', '湖南省郴州市王仙岭', '2020-05-01', '2020-05-08', '初次报告', '丙类', '黑热病', '建筑工人', '郑彬', '2020-05-01' );
insert into TAB_INFECTIOUS values('20200501112110', '南郭兴', '456120200501112110', '2020-05-01', '15342416549', '湖南省郴州市王仙岭', '2020-05-01', '2020-05-08', '初次报告', '丙类', '黑热病', '建筑工人', '南郭兴', '2020-05-01' );
insert into TAB_INFECTIOUS values('20200501112111', '郑彬', '456120200501112111', '2020-05-01', '15342416549', '湖南省郴州市王仙岭', '2020-05-01', '2020-05-08', '初次报告', '丙类', '黑热病', '建筑工人', '郑彬', '2020-05-01' );
insert into TAB_INFECTIOUS values('20200501112112', '钱彬', '456120200501112112', '2020-05-01', '15342416549', '湖南省郴州市王仙岭', '2020-05-01', '2020-05-08', '初次报告', '丙类', '黑热病', '建筑工人', '钱彬', '2020-05-01' );
insert into TAB_INFECTIOUS values('20200501112113', '孙强', '456120200501112113', '2020-05-01', '15342416549', '湖南省郴州市王仙岭', '2020-05-01', '2020-05-08', '初次报告', '丙类', '黑热病', '建筑工人', '孙强', '2020-05-01' );
insert into TAB_INFECTIOUS values('20200501112114', '周天佑', '456120200501112114', '2020-05-01', '15342416549', '湖南省郴州市王仙岭', '2020-05-01', '2020-05-08', '初次报告', '丙类', '黑热病', '建筑工人', '周天佑', '2020-05-01' );
insert into TAB_INFECTIOUS values('20200501112115', '王兴', '456120200501112115', '2020-05-01', '15342416549', '湖南省郴州市王仙岭', '2020-05-01', '2020-05-08', '初次报告', '丙类', '黑热病', '建筑工人', '王兴', '2020-05-01' );
insert into TAB_INFECTIOUS values('20200501112116', '蒋伟', '456120200501112116', '2020-05-01', '15342416549', '湖南省郴州市王仙岭', '2020-05-01', '2020-05-08', '初次报告', '丙类', '黑热病', '建筑工人', '蒋伟', '2020-05-01' );
insert into TAB_INFECTIOUS values('20200501112117', '南郭天佑', '456120200501112117', '2020-05-01', '15342416549', '湖南省郴州市王仙岭', '2020-05-01', '2020-05-08', '初次报告', '丙类', '黑热病', '建筑工人', '南郭天佑', '2020-05-01' );
insert into TAB_INFECTIOUS values('20200501112118', '北宫栈', '456120200501112118', '2020-05-01', '15342416549', '湖南省郴州市王仙岭', '2020-05-01', '2020-05-08', '初次报告', '丙类', '黑热病', '建筑工人', '北宫栈', '2020-05-01' );
insert into TAB_INFECTIOUS values('20200501112119', '吴强', '456120200501112119', '2020-05-01', '15342416549', '湖南省郴州市王仙岭', '2020-05-01', '2020-05-08', '初次报告', '丙类', '黑热病', '建筑工人', '吴强', '2020-05-01' );
insert into TAB_INFECTIOUS values('20200501112120', '钱兴', '456120200501112120', '2020-05-01', '15342416549', '湖南省郴州市王仙岭', '2020-05-01', '2020-05-08', '初次报告', '丙类', '黑热病', '建筑工人', '钱兴', '2020-05-01' );
insert into TAB_INFECTIOUS values('20200501112121', '王强', '456120200501112121', '2020-05-01', '15342416549', '湖南省郴州市王仙岭', '2020-05-01', '2020-05-08', '初次报告', '丙类', '黑热病', '建筑工人', '王强', '2020-05-01' );


insert into TAB_USER VALUES('ROOT', 'root', '63a9f0ea7bb98050796b649e85481845', 'root' );